<?xml version="1.0" encoding="UTF-8"?>
<addon id="repository.acekiron" name="acekiron" version="0.1.0" provider-name="acekiron">
    <extension point="xbmc.addon.repository" name="acekiron">
        <dir>
            <info compressed="false">https://raw.githubusercontent.com/AceKiron/kodi/gh-pages/addons.xml</info>
            <checksum>https://raw.githubusercontent.com/AceKiron/kodi/gh-pages/addons.xml.md5</checksum>
            <datadir zip="true">https://raw.githubusercontent.com/AceKiron/kodi/gh-pages/</datadir>
        </dir>
    </extension>
    <extension point="xbmc.addon.metadata">
        <summary>Sample summary</summary>
        <description>Sample description</description>
        <platform>all</platform>
        <assets>
            <icon>icon.png</icon>
            <fanart>fanart.jpg</fanart>            
        </assets>
    </extension>
</addon>